source,date,rating,engagement,text,url,attributes_searched,searched_terms,search_failed,forgot,matched_text
Google Play Store,2026-07-20,1,,"i don't know where to start with this update. the constant influx of AI is annoying and my pics not being separated by day makes it hard to find what I'm looking for. if it's not broke, don't fix it",https://play.google.com/store/apps/details?id=com.google.android.apps.photos&reviewId=69828992-5205-47f5-932a-fe1fba957d55,not stated,,no,don't know where,i don't know where to start with this update. the constant influx of AI is annoying and my pics not being separated by day makes it hard to find what I'm looking for.
Google Play Store,2026-07-20,3,,"It's mostly good but some photos don't have my face highlighted or those of other ppl. There's no way to manually add a face so when I go to look up pictures of myself for sharing, etc. those photos aren't available and I have to scroll to find them if I don't know the date. Very inconvenient. Pleeeeeease add a manual face adding option.",https://play.google.com/store/apps/details?id=com.google.android.apps.photos&reviewId=9f712c43-3f31-42fd-a5e0-ab9faba6c0c6,person; time/date,,no,don't know the date,those photos aren't available and I have to scroll to find them if I don't know the date. Very inconvenient.
Google Play Store,2024-10-08,2,,"While the app gives me the option of backing up my photos, when I try to find them, it just shows me row after row of blank photos. Photos are grouped chronologically instead of by albums, which is frustrating when I need to find a photo from a particular album, and can't remember the date it was taken. Photos grouped by persons are sometimes inaccurate, and when I correct the groupings, it just resets the next time, or gives an error message. The app is getting more and more frustrating.",https://play.google.com/store/apps/details?id=com.google.android.apps.photos&reviewId=1f18ea8d-b74b-46a1-a6c0-32553358e791,time/date,,no,can't remember,"Photos are grouped chronologically instead of by albums, which is frustrating when I need to find a photo from a particular album, and can't remember the date it was taken. Photos grouped by persons are sometimes inaccurate, and when I correct the groupings, it just resets the next time, or gives an error message."
Google Play Store,2024-08-14,1,,"Horrible update. My photos were already sorted into albums, they disappeared and photos were a mess. I can't remember exactly how I got to this point, because I spent ages trying to find a way to get my folders back. Finally I fluked it. I found somewhere that said ""stack like photos"" which I unchecked. My folders were back again. They are now in Collections ""on this device"" It would be better if folders came up by date, then alphabetically, like they do when moving photos to new albums.",https://play.google.com/store/apps/details?id=com.google.android.apps.photos&reviewId=2892bef3-9fd2-40d9-9c75-fde6c06d33b5,time/date,,yes,can't remember,"I can't remember exactly how I got to this point, because I spent ages trying to find a way to get my folders back. Finally I fluked it."
Google Play Store,2020-12-24,5,,"This app is so underrated. It is the best record keeper i have ever seen. No unnecessary ads and its back up is really amazing. Makes it easy to search for photos and videos even when you don't remember the actual date or month, you can just search based on year. While you search per year, it stills lays it out per months on each year. In a nut shell, it's super awesome.",https://play.google.com/store/apps/details?id=com.google.android.apps.photos&reviewId=712ab562-69be-49fc-9909-7745fc0b2c72,not stated,,no,don't remember,"Makes it easy to search for photos and videos even when you don't remember the actual date or month, you can just search based on year. While you search per year, it stills lays it out per months on each year."
Google Play Store,2024-10-20,3,,"It's functional. I have Google photos and pixels for most of my phone life. The organization is.... Horrible. Just really bad. It creates different folders based on wether you downloaded the photo from messages, or Whatsapp, or Instagram etc. And there is not one Single folder that has everything. This is such a pain when you're trying to find something - if you don't remember Where you got it from, you might not be able to find it..... Also the stylized photos are just useless. Otherwise fine",https://play.google.com/store/apps/details?id=com.google.android.apps.photos&reviewId=111ba6f2-c28b-4fc7-a977-93cc0baf8aa0,not stated,,no,don't remember,"This is such a pain when you're trying to find something - if you don't remember Where you got it from, you might not be able to find it..... Also the stylized photos are just useless."
Google Play Store,2019-10-22,5,,"Love this app! Love that I can store as many photos as I want and can create albums & label & sort them. Can't think of anything negative at this time. The only thing I can't do that I wish I could (& if you can, I need to find out how) is to put my albums in any order that I want, mostly alphabetical.",https://play.google.com/store/apps/details?id=com.google.android.apps.photos&reviewId=82c5f8e2-89c9-46f3-86d1-d60d30a81d49,object,,no,Can't think of,"Can't think of anything negative at this time. The only thing I can't do that I wish I could (& if you can, I need to find out how) is to put my albums in any order that I want, mostly alphabetical."
Google Play Store,2018-12-04,1,,Another app that will do more than I care tom know and look for to do. With a name like Photos it should be as simplistic as the idea of photo storage there for you to store and have access directly even if an update a resetting a forgotten back up (😡)or any baby miss stepup ends your precious programing or what ever you geeks at google love to get off to.,https://play.google.com/store/apps/details?id=com.google.android.apps.photos&reviewId=07f41274-47d3-464c-996f-c6a8e32cf611,person,,no,forgotten,With a name like Photos it should be as simplistic as the idea of photo storage there for you to store and have access directly even if an update a resetting a forgotten back up (😡)or any baby miss stepup ends your precious programing or what ever you geeks at google love to get off to.
Google Play Store,2024-10-22,1,,"The back-up system of this app is a mess and not user-friendly. There's no way to look at the photos you've backed up. I am having trouble finding photos I've backed up, and now I have no idea where to find them. I've tried every way to restore and look for it but still, nothing. I would expect a higher quality coming from a brand like Google. Why is the app so bad? I am extremely frustrated that I am even having this problem. No photo app should be this hard to navigate.",https://play.google.com/store/apps/details?id=com.google.android.apps.photos&reviewId=8b622dfe-ccf5-4b28-a6a1-84d36b3ba7b2,not stated,,yes,no idea where,"I am having trouble finding photos I've backed up, and now I have no idea where to find them. I've tried every way to restore and look for it but still, nothing."
Google Play Store,2022-04-02,1,,I don't like the App. It makes it too hard to find pictures I know I have. I find it very frustrating when I can't find a picture and don't have the time to search for it. This always seems to happen when I don't have time to look for it. Then of course it pops up after I have no reason to pull it up. I wish it would quit bothering and asking me to update it also. I like certain things the way I have them bcuz it works for me. I don't need something changing things on me when least expected.,https://play.google.com/store/apps/details?id=com.google.android.apps.photos&reviewId=03bd0f46-ee5f-4831-9276-87f3fbee0009,not stated,,yes,I know I have,It makes it too hard to find pictures I know I have. I find it very frustrating when I can't find a picture and don't have the time to search for it.
Google Play Store,2024-02-03,1,,"It separates my photos so I have to go on a wild goose chase just to find a pic or video I wanna show my friends, but even then sometimes it doesn't even show something I know I have. I can send some things in messages but when I look for them in photos it's like they don't exist.",https://play.google.com/store/apps/details?id=com.google.android.apps.photos&reviewId=86fc78c5-a92a-4cd1-8742-e984fb016b4a,person,,no,I know I have,"It separates my photos so I have to go on a wild goose chase just to find a pic or video I wanna show my friends, but even then sometimes it doesn't even show something I know I have. I can send some things in messages but when I look for them in photos it's like they don't exist."
Google Play Store,2024-10-03,1,,Every time the app updates they change the layout. It's so incredibly frustrating trying to find things each time. Now I have no idea where all my Snapchat downloads go.. I have searched through the entire app! And creating albums is a nightmare with too many options and doubling up photos just to group them. Leave good enough alone!,https://play.google.com/store/apps/details?id=com.google.android.apps.photos&reviewId=54204d59-f398-4360-8b69-0a7fc3a5a3ab,not stated,,no,no idea where,Now I have no idea where all my Snapchat downloads go.. I have searched through the entire app!
Google Play Store,2021-08-12,1,,Used to love this app but i have no idea what's been going on with this. Search is absolutely horrible now. I have lots of vinyl music photos and before it used to find it all when searched 'vinyl'. Now brings 2 or 3. Album create constantly fails... Too many to list. Disappointed.,https://play.google.com/store/apps/details?id=com.google.android.apps.photos&reviewId=02618177-fa7a-4782-96b1-7162702f7bf7,not stated,vinyl,no,no idea what,Used to love this app but i have no idea what's been going on with this. Search is absolutely horrible now.
Google Play Store,2021-05-31,1,,"Totally disgusted. I got a new phone replacing a phone that had 256G Memory card. The new phone has no such advantage. I have 8600 images and videos in some 90 folders. You can't upload from folder to folder, and then when you get them all on Google photos, you have to move them to the albums one at a time. Now all I have is 8600 images in a total jumblef*ck. Some I have no idea which folder they belong in if I can even find what I'm looking for. Nor do I have the hours and hours it VERY ANGRY!",https://play.google.com/store/apps/details?id=com.google.android.apps.photos&reviewId=61baa0b8-d8e8-49f6-aa9f-257ba689294d,object,,no,no idea which,Some I have no idea which folder they belong in if I can even find what I'm looking for. Nor do I have the hours and hours it VERY ANGRY!
Google Play Store,2023-01-03,2,,"Doesn't organize by date correctly. Sometimes videos downloaded from the internet are randomly dispersed into the downloads folder as if Photos has no idea where to place them. Other Gallery apps have no problem placing them correctly. The only reason I use this app is because of its integration, too bad Google can't develop an app worth the second page of their search results",https://play.google.com/store/apps/details?id=com.google.android.apps.photos&reviewId=b6c7a30c-f64d-43b3-a7b9-fb251158dc00,place; time/date,,no,no idea where,Sometimes videos downloaded from the internet are randomly dispersed into the downloads folder as if Photos has no idea where to place them. Other Gallery apps have no problem placing them correctly.
Google Play Store,2022-05-06,2,,It was a really good app for last few years. Today i realized out of the blue most of my pictures are missing. Tried to find them in every folder possible but no success. How did they automatically get deleted. Its not in trash either so i dont know where they went. Any help from Google would be really appreciated,https://play.google.com/store/apps/details?id=com.google.android.apps.photos&reviewId=0b7a10ca-4e71-4b89-82c8-64d60d4ffa31,colour/appearance,,no,dont know where,Its not in trash either so i dont know where they went. Any help from Google would be really appreciated
Google Play Store,2020-05-18,2,,"No option to search duplicated photos. Impossible to MOVE pics to folders permanently. If you wanna move a pic to a different place or permanently delete a pic, you have to 1st 'remove from folder', then scroll through your whole timeline to find the picture you just unlinked from that folder. There is no way of telling what pics are & are not in a folder. Trying to add pics from Drive is HELL cuz it don't always copy everything over even though it says it & you have no idea where it's been put.",https://play.google.com/store/apps/details?id=com.google.android.apps.photos&reviewId=63adf684-795e-44e0-b4f8-e161ef9d22cf,place,,no,no idea where,Trying to add pics from Drive is HELL cuz it don't always copy everything over even though it says it & you have no idea where it's been put.
Google Play Store,2023-04-13,3,,"This app does it's job & is easy to use, plus it's free. I have only two problems. 1. I can't organize photos in the order I want. They're always listed in the order they were taken/uploaded. 2. The app automatically creates folders for photos from Snapchat, Camera, Messages, and more. STOP. I don't need all those folders. Just one big list of photos is perfect. That way I don't have to hunt through several folders if I don't remember where the photo came from. I do like the album feature though",https://play.google.com/store/apps/details?id=com.google.android.apps.photos&reviewId=6ac777f0-e346-4efe-bb98-2edaafacda6d,colour/appearance,,no,don't remember,That way I don't have to hunt through several folders if I don't remember where the photo came from. I do like the album feature though
Google Play Store,2024-11-16,3,,All of a sudden I can't find my screenshots easily and I'm not sure why. I've had Android phones for a long time but all of a sudden with this new update I cannot find my screenshots without spending time and trying to do search and eventually I come across the but I have no idea where they're being stored so I can't find them very easily ever. Why can't it be more simple? Please help.... If someone knows the trick to this I would be ever so grateful!,https://play.google.com/store/apps/details?id=com.google.android.apps.photos&reviewId=1fafaf71-4310-4773-86a9-daeefa810dee,person; document/screenshot,,yes,no idea where,I've had Android phones for a long time but all of a sudden with this new update I cannot find my screenshots without spending time and trying to do search and eventually I come across the but I have no idea where they're being stored so I can't find them very easily ever. Why can't it be more simple?
Google Play Store,2026-03-11,3,,it's very handy at times but there is some kind of mystery folder that my Google phone keeps putting pictures. exporting photos from a different app? mystery folder. did you simply edit a photo by rotating it? mystery folder. I have no idea where these pictures are going and it's very annoying trying to find them,https://play.google.com/store/apps/details?id=com.google.android.apps.photos&reviewId=473ea8e9-35d8-4bd2-94d2-e36b6e098476,not stated,,no,no idea where,I have no idea where these pictures are going and it's very annoying trying to find them
Google Play Store,2020-09-27,3,,"I always forget to use this over the normal gallery....but it ends up being .hige blast from the past when i DO remember it, bc i had forgotten about alot of the photos...RANDOM BONUS TIP FOR EVERYONE WHO READS THIS....If you have FB messenger, go to the settings, then hit either phone or contacts and scroll through....SOMEHOW it has recorded EVERY SINGLE CONTACT youve had in ANY phone since youve had Facebook....even if you deleted it 5 years ago, and changed phones 10x, they will ALL be there",https://play.google.com/store/apps/details?id=com.google.android.apps.photos&reviewId=21266b24-ce79-45b5-91d3-12f5d4b52333,time/date,,no,forgotten,"I always forget to use this over the normal gallery....but it ends up being .hige blast from the past when i DO remember it, bc i had forgotten about alot of the photos...RANDOM BONUS TIP FOR EVERYONE WHO READS THIS....If you have FB messenger, go to the settings, then hit either phone or contacts and scroll through....SOMEHOW it has recorded EVERY SINGLE CONTACT youve had in ANY phone since youve had Facebook....even if you deleted it 5 years ago, and changed phones 10x, they will ALL be there"
Google Play Store,2025-06-23,3,,"the ai search has really made me not enjoy this app. I used to be able to type one word, and everything pertaining to that word would come up. now it's showing stuff that has NOTHING to do with whay I searched and most of the pics I know I have aren't showing up so I have to guess when I took the photo and look for it. even if I AI search for dates, they only show a few of the pics or pics from other dates.",https://play.google.com/store/apps/details?id=com.google.android.apps.photos&reviewId=c75d239e-043d-4c52-968e-6d4cc1f7d335,not stated,,no,I know I have,"now it's showing stuff that has NOTHING to do with whay I searched and most of the pics I know I have aren't showing up so I have to guess when I took the photo and look for it. even if I AI search for dates, they only show a few of the pics or pics from other dates."
Google Play Store,2021-08-05,4,,"Amazing AI capabilities. Memories nice & perfect for fully utilizing past forgotten photos. App could use improvement. Better album organization, more web features on the app like editing dates & info. Better people recognition needed. Ability to apply ""Enhance"" editing features to multiple photos instead of 1 at a time. Ability to search for album when adding photos to album. Doesn't show what album a photo is in on app but on web it does. Unlimited Storage stopped but better for environment.",https://play.google.com/store/apps/details?id=com.google.android.apps.photos&reviewId=df6bcec3-84aa-4bab-984b-4f9b15a8e902,person,,yes,forgotten,Memories nice & perfect for fully utilizing past forgotten photos. App could use improvement.
Google Play Store,2020-05-27,4,,"After the latest update, the shared albums don't remember when I've seen an update. Anytime I look for a single new notification, I get reminded of the notifications (in bold, as if I hadn't acknowledged them) of every other album that has been shared with me. Annoying, but not exactly earth shattering for usability.",https://play.google.com/store/apps/details?id=com.google.android.apps.photos&reviewId=91789212-a976-469f-a878-ed59c5452535,not stated,,no,don't remember,"After the latest update, the shared albums don't remember when I've seen an update. Anytime I look for a single new notification, I get reminded of the notifications (in bold, as if I hadn't acknowledged them) of every other album that has been shared with me."
Google Play Store,2019-01-15,4,,"The app has done the work of collecting important images that I had forgotten, been looking for, or deleted without knowing from device's media gallery. I am grateful and thank the app for that.  There's a few times the app acts buggy but new updates correct app . Only downside is that I can rarely get a response for a question or concern within app,  customer support really needs to get better.",https://play.google.com/store/apps/details?id=com.google.android.apps.photos&reviewId=fa072804-63ad-47b1-ab6c-d4ce98060980,not stated,,no,forgotten,"The app has done the work of collecting important images that I had forgotten, been looking for, or deleted without knowing from device's media gallery. I am grateful and thank the app for that."
Google Play Store,2018-10-10,5,,I love the fact that if you are after a particular photo but can only remember a certain detail about the picture eg it was taken on the beach. you can search beach and it shows you all of the relevant photos. The fact that it creates random video collages is awesome,https://play.google.com/store/apps/details?id=com.google.android.apps.photos&reviewId=9bc63c3d-2989-4c12-8819-ce388f9c427b,place,,no,only remember,I love the fact that if you are after a particular photo but can only remember a certain detail about the picture eg it was taken on the beach. you can search beach and it shows you all of the relevant photos.
Google Play Store,2022-03-18,5,,I'm not normally big on installing extra apps on my phone when I already have an app that will do what the new app is saying it does. However this app is an exception! One of the neatest things about this app is that you can search your own photos by keyword. For instance if you say I know I took a picture of that guy's car and you just do a search using the keyword car it will go into the photos on your device and find all photos of a car! That makes it very handy in and of itself.,https://play.google.com/store/apps/details?id=com.google.android.apps.photos&reviewId=dda1986c-38f8-427b-a112-76dcf978846a,object; colour/appearance,,no,I know I took,For instance if you say I know I took a picture of that guy's car and you just do a search using the keyword car it will go into the photos on your device and find all photos of a car! That makes it very handy in and of itself.
Google Play Store,2021-04-16,5,,I had no idea what this was an app well yes I love this app it says your pictures it's basically like an album that you would buy in the store but not exactly it's like a photo saver pretty much by the way there are no ads very easy to use just simply look through your pictures look at them get out look up more pictures is pretty much just an album❤❤,https://play.google.com/store/apps/details?id=com.google.android.apps.photos&reviewId=a99da864-d331-41d8-97e1-6f782ee8d684,not stated,,no,no idea what,I had no idea what this was an app well yes I love this app it says your pictures it's basically like an album that you would buy in the store but not exactly it's like a photo saver pretty much by the way there are no ads very easy to use just simply look through your pictures look at them get out look up more pictures is pretty much just an album❤❤
Google Play Store,2020-11-17,5,,"Really helps with saving and then finding those long forgotten photos. Great organizing and search tools. With unlimited free backups going away soon, it's slightly less appealing but still a highly recommended app in my book.",https://play.google.com/store/apps/details?id=com.google.android.apps.photos&reviewId=06797847-c117-4f36-bcf4-88c5df16486d,object,,no,forgotten,Really helps with saving and then finding those long forgotten photos. Great organizing and search tools.
Google Play Store,2026-03-17,1,,Can't Use AI Search because it requires my photo. I nearly forgot I don't actually own techlology. My $1400 flagship blocks functionality because I prefer cars over selfies.,https://play.google.com/store/apps/details?id=com.google.android.apps.photos&reviewId=3932c8af-0379-430e-a4c9-8ff21adb6c98,not stated,,no,forgot,I nearly forgot I don't actually own techlology. My $1400 flagship blocks functionality because I prefer cars over selfies.
Reddit,2025-11-12,,2,"How can I easily find photos or videos that I most recently backed up, even if their time stamp (when they were taken) is from years ago? - I just recently uploaded some old photos and videos from a while back, and I forgot the exact date of when they were taken. I was scrolling through things and eventually found them, and I cannot remember the date for the life of me. I'd like to see the photos now on Google photos, but I have no idea how.  Any kind help or suggestions are appreciated!",https://www.reddit.com/r/googlephotos/comments/1ousytw/how_can_i_easily_find_photos_or_videos_that_i/,time/date,,no,forgot,"- I just recently uploaded some old photos and videos from a while back, and I forgot the exact date of when they were taken. I was scrolling through things and eventually found them, and I cannot remember the date for the life of me."
Reddit,2025-12-22,,4,Duplicate photo - I have had been using google photos it seams like forever. I know I have the same pictures in the photo album but set at different days or even years. As I would save them multiple times. Is there a way to find them. And keep only one? I have tried using the AI search. But only typed duplicate. I really like to cut down on the cloud space.,https://www.reddit.com/r/googlephotos/comments/1psspfn/duplicate_photo/,not stated,,no,I know I have,I know I have the same pictures in the photo album but set at different days or even years. As I would save them multiple times.
Reddit,2022-09-22,,26,is there a way to search Google photos using a photo? - I have a recent photo that has something very distinct in it. I am Trying to find an older photo I have of that same item but I have so many photos I can't find it and I don't remember when I took the photo. I was wondering if I could search Google photos on my phone to try to find a match to the current photo. Hope that makes sense. Thanks in advance!,https://www.reddit.com/r/googlephotos/comments/xl693t/is_there_a_way_to_search_google_photos_using_a/,not stated,,yes,don't remember,I am Trying to find an older photo I have of that same item but I have so many photos I can't find it and I don't remember when I took the photo. I was wondering if I could search Google photos on my phone to try to find a match to the current photo.
Reddit,2020-07-11,,22,"My Google Photos account was just suspended out of nowhere and I have no clue what to do... - I'm sorry if I'm not allowed to post this sort of thing here but I was hoping someone else has had this experience or someone has advice.  So I just went onto the Google Photos website and my access to Photos was suspended. My Google Account is still active and works on literally every other Google service (Drive, Gmail, YouTube etc.) but it's just my access to Photos that has been suspended.  I looked through the Google Photos content policy and I can't think of a single instance where I might have broken one of those rules. I didn't get an email about it either, it just kinda happened. It feels so sudden and out of the blue.  I have almost every single photo and video I've ever taken backed up to Google Photos. I've put in a Google Takeout archive for my Google Photos stuff so I'm hoping that goes through and I can get all my photos. I've also filed an appeal with Google hoping I'm at least able to get an explanation as to why my account was suspended and, best case scenario, get my access back.  But if anyone has any advice or soemone has gone through the same experience, anything would be appreciated. I'm honestly just kinda shocked and have no clue why this could have happened.  Thanks",https://www.reddit.com/r/googlephotos/comments/hp74pz/my_google_photos_account_was_just_suspended_out/,person; document/screenshot,,no,can't think of,"I looked through the Google Photos content policy and I can't think of a single instance where I might have broken one of those rules. I didn't get an email about it either, it just kinda happened."
Reddit,2024-04-25,,15,"Google photos text search no longer working - I'm not sure when it happened, but for months the search feature in the Google photos app does not seem to work. I'm on android 13  I used to use the search feature in the photos app to search through my screenshots for text that is in the screenshots and it would work incredibly well. I know this gesture works for some of my friends. But at some point it just started returning no results for me. Is there some setting that caused this change??  I take a lot of screenshots of twitter, reddit, and text messages to send to friends, and it becomes pretty much impossible to find what you're looking for without the text search feature. Where did this functionality go???  Edit: I did search the sub and Google before posting, sorry if this is an easy or obvious fix, but I have looked many times over months and not found the solution",https://www.reddit.com/r/googlephotos/comments/1ccui2v/google_photos_text_search_no_longer_working/,person; document/screenshot,,yes,not sure when it,"Google photos text search no longer working - I'm not sure when it happened, but for months the search feature in the Google photos app does not seem to work. I'm on android 13 I used to use the search feature in the photos app to search through my screenshots for text that is in the screenshots and it would work incredibly well."
Reddit,2021-02-19,,14,"Downloading GP to external hard drive - keeping original creation date and place - Hi all!  I'd like to have a backup of all my photos from Google Photos on an external hard drive. I used takeout and got several download links (each 2GB) for all my photos, and downloaded them all right. However, now that I try to open them, I see two problems:  \- they are in json format and I have no idea what this is or how to convert to jpg.  \- they are all dated from today! This is the worst problem, as I'd like them to keep their original date (not only in the title, but in the ""creation date"" column).   Anyone knows how to solve this please? I tried to find it online but didn't find any solution that worked...",https://www.reddit.com/r/googlephotos/comments/lnrjht/downloading_gp_to_external_hard_drive_keeping/,place,,no,no idea what,"However, now that I try to open them, I see two problems: \- they are in json format and I have no idea what this is or how to convert to jpg. \- they are all dated from today!"
Reddit,2019-10-20,,13,"3 requests to heavily increase the likeability and usability of Google Photos that I wish Google would take seriously - 1. Option to hide photos that are already included in albums.  This would heavily reduce the clutter in the main photos page to allow you to see only photos you don't have organized and organize them. 2. Leave selected pictures checked after saving them to an external source i.e. computer.  After saving to the computer, I would often like to delete them from Google Photos because they become clutter.  I don't want all of my photos on there but often don't know exactly what pictures I had selected and have to try to find them a second time if I want to delete them. 3.  Search album names.  Once having a bunch of albums, it can be cumbersome looking for a specific one.  I don't have a hundred yet but have seen other users bring up the issue, specifically ones that create a ton of albums.",https://www.reddit.com/r/googlephotos/comments/dkky9c/3_requests_to_heavily_increase_the_likeability/,not stated,,no,don't know exactly,I don't want all of my photos on there but often don't know exactly what pictures I had selected and have to try to find them a second time if I want to delete them. 3.
Reddit,2026-07-03,,0,"Google Takeout - Ignorant person here. How do you back up stuff you can't even see or find? I knooow I have at least a decade of photos that seem to be MIA despite me searching through various channels, so how do you backup what you can't find and if you can't find it can the Google Police close your account for something you can't recall?  And once you have backed your photos up on Takeout does deleting your photos really delete them or can you still get kicked off for a deleted photo. Also is another backup system superior to Google Takeout? I apologize in advance for my obliviousness in these matters. Somehow I got old and didn't keep up.",https://www.reddit.com/r/googlephotos/comments/1um5h5l/google_takeout/,person,,yes,can't recall,"I knooow I have at least a decade of photos that seem to be MIA despite me searching through various channels, so how do you backup what you can't find and if you can't find it can the Google Police close your account for something you can't recall? And once you have backed your photos up on Takeout does deleting your photos really delete them or can you still get kicked off for a deleted photo."
YouTube,2018-09-30,,1,"One of the BIGGEST cons of GPhotos is that it doesn't understand IPTC and XMP info (such as tags for example).
Also, it isn't so capable in search as it should be. For example, try to assign some photos a description, containing ""breasts"" word and then try to search for them. You won't find them. I don't know if this is some kind of Google censorship or what, but the reality is like that.
(BTW, there are other words that aren't searchable, I can't remember them now)",https://www.youtube.com/watch?v=c8wr7GSGjw0&lc=Ugxvd8gy_rvJFUuh0914AaABAg,not stated,,yes,can't remember,"(BTW, there are other words that aren't searchable, I can't remember them now)"
Google Photos Community,06-May-202,,,"Can't find an old photo in Google Photos even though it showed me the exact photo days ago I’m looking for a photo of my old Camaro from the 2000s. I don’t use Google Photos much but I got into it the other day and it showed me a photo of my car without me even searching for it! I have no idea how or why that happened. But   today I went back to find it using the car search option and while it pulled up every other car I’ve ever owned, the white Camaro is missing. Please help.",https://support.google.com/photos/thread/273154473/can%E2%80%99t-find-an-old-photo-in-google-photos-even-though-it-showed-me-the-exact-photo-days-ago?hl=en,object; colour/appearance,,yes,no idea how,"I have no idea how or why that happened. But today I went back to find it using the car search option and while it pulled up every other car I’ve ever owned, the white Camaro is missing."
