source,date,rating,text,url,matched_text,forgotten_detail
Google Play Store,2026-08-20 06:33:18,5,I love how it makes videos from all the old pictures I had forgotten about and helps me find pictures of people,https://play.google.com/store/apps/details?id=com.google.android.apps.photos&reviewId=ce372f5b-aac5-46c0-8ecb-ee4f7e5bf565,I love how it makes videos from all the old pictures I had forgotten about and helps me find pictures of people,who is in it
Google Play Store,2026-08-18 18:57:19,5,"Solid, with a few rough edges Genuinely one of the best-executed apps on my phone. Backup is seamless, AI search is scary accurate (""dog on beach"" just works), and Memories surfaces old photos I'd forgotten about. Editing tools like Magic Eraser punch above their weight for free. Could improve: - Storage tiers feel stingy since dropping unlimited free storage - Duplicate detection is inconsistent - Video compression on backup is aggressive; a clearer ""near-original"" quality toggle would help.",https://play.google.com/store/apps/details?id=com.google.android.apps.photos&reviewId=351c3f52-da6d-4deb-a028-b494ac3a54cd,"Solid, with a few rough edges Genuinely one of the best-executed apps on my phone. Backup is seamless, AI search is scary accurate (""dog on beach"" just works), and Memories surfaces old photos I'd forgotten about.",not stated
Google Play Store,2026-08-12 18:00:34,5,back and they find the photos that things that you have actually forgotten about got to try something,https://play.google.com/store/apps/details?id=com.google.android.apps.photos&reviewId=71d287b6-3f53-4ce7-b263-28534489c344,back and they find the photos that things that you have actually forgotten about got to try something,not stated
Google Play Store,2026-06-09 02:48:44,2,"it's ok, but it could use an option to find duplicate pictures with choice to delete all duplicates or notify about duplicates. or not upload duplicates, it sucks having to go through my pictures 1 by 1, especially when you have so many and can't remember if you have multiple or not.",https://play.google.com/store/apps/details?id=com.google.android.apps.photos&reviewId=7b76b6fc-6080-469b-947b-de01160bc669,"it's ok, but it could use an option to find duplicate pictures with choice to delete all duplicates or notify about duplicates. or not upload duplicates, it sucks having to go through my pictures 1 by 1, especially when you have so many and can't remember if you have multiple or not.",not stated
Google Play Store,2024-10-08 12:29:38,2,"While the app gives me the option of backing up my photos, when I try to find them, it just shows me row after row of blank photos. Photos are grouped chronologically instead of by albums, which is frustrating when I need to find a photo from a particular album, and can't remember the date it was taken. Photos grouped by persons are sometimes inaccurate, and when I correct the groupings, it just resets the next time, or gives an error message. The app is getting more and more frustrating.",https://play.google.com/store/apps/details?id=com.google.android.apps.photos&reviewId=1f18ea8d-b74b-46a1-a6c0-32553358e791,"While the app gives me the option of backing up my photos, when I try to find them, it just shows me row after row of blank photos. Photos are grouped chronologically instead of by albums, which is frustrating when I need to find a photo from a particular album, and can't remember the date it was taken.",when it was taken
Google Play Store,2024-08-14 10:36:51,1,"Horrible update. My photos were already sorted into albums, they disappeared and photos were a mess. I can't remember exactly how I got to this point, because I spent ages trying to find a way to get my folders back. Finally I fluked it. I found somewhere that said ""stack like photos"" which I unchecked. My folders were back again. They are now in Collections ""on this device"" It would be better if folders came up by date, then alphabetically, like they do when moving photos to new albums.",https://play.google.com/store/apps/details?id=com.google.android.apps.photos&reviewId=2892bef3-9fd2-40d9-9c75-fde6c06d33b5,"My photos were already sorted into albums, they disappeared and photos were a mess. I can't remember exactly how I got to this point, because I spent ages trying to find a way to get my folders back.",not stated
Google Play Store,2020-12-24 23:42:27,5,"This app is so underrated. It is the best record keeper i have ever seen. No unnecessary ads and its back up is really amazing. Makes it easy to search for photos and videos even when you don't remember the actual date or month, you can just search based on year. While you search per year, it stills lays it out per months on each year. In a nut shell, it's super awesome.",https://play.google.com/store/apps/details?id=com.google.android.apps.photos&reviewId=712ab562-69be-49fc-9909-7745fc0b2c72,"No unnecessary ads and its back up is really amazing. Makes it easy to search for photos and videos even when you don't remember the actual date or month, you can just search based on year.",when it was taken
Google Play Store,2024-10-20 09:52:36,3,"It's functional. I have Google photos and pixels for most of my phone life. The organization is.... Horrible. Just really bad. It creates different folders based on wether you downloaded the photo from messages, or Whatsapp, or Instagram etc. And there is not one Single folder that has everything. This is such a pain when you're trying to find something - if you don't remember Where you got it from, you might not be able to find it..... Also the stylized photos are just useless. Otherwise fine",https://play.google.com/store/apps/details?id=com.google.android.apps.photos&reviewId=111ba6f2-c28b-4fc7-a977-93cc0baf8aa0,"This is such a pain when you're trying to find something - if you don't remember Where you got it from, you might not be able to find it..... Also the stylized photos are just useless.",where it was taken
Google Play Store,2024-01-20 13:11:30,3,"So far, so good; however, sometimes,I find it difficult to bring up my pictures, or at least to keep them coming up after seeing the first 2, or 3. It's like those are the only ones that I have, but I know I have dozens & dozens more, which I feel like I'm lucky sometimes, when I do somehow find, so although I will give the app possibly 5 stars out of 5, on Clarity, for me, I can only give it 1.5 Stars for usefullness of the app.",https://play.google.com/store/apps/details?id=com.google.android.apps.photos&reviewId=7f21fa19-70e2-41e3-afda-1d2bbf1eb849,"So far, so good; however, sometimes,I find it difficult to bring up my pictures, or at least to keep them coming up after seeing the first 2, or 3. It's like those are the only ones that I have, but I know I have dozens & dozens more, which I feel like I'm lucky sometimes, when I do somehow find, so although I will give the app possibly 5 stars out of 5, on Clarity, for me, I can only give it 1.5 Stars for usefullness of the app.",when it was taken; which album/folder
Google Play Store,2018-12-04 07:09:04,1,Another app that will do more than I care tom know and look for to do. With a name like Photos it should be as simplistic as the idea of photo storage there for you to store and have access directly even if an update a resetting a forgotten back up (😡)or any baby miss stepup ends your precious programing or what ever you geeks at google love to get off to.,https://play.google.com/store/apps/details?id=com.google.android.apps.photos&reviewId=07f41274-47d3-464c-996f-c6a8e32cf611,Another app that will do more than I care tom know and look for to do. With a name like Photos it should be as simplistic as the idea of photo storage there for you to store and have access directly even if an update a resetting a forgotten back up (😡)or any baby miss stepup ends your precious programing or what ever you geeks at google love to get off to.,not stated
Google Play Store,2024-10-22 18:48:39,1,"The back-up system of this app is a mess and not user-friendly. There's no way to look at the photos you've backed up. I am having trouble finding photos I've backed up, and now I have no idea where to find them. I've tried every way to restore and look for it but still, nothing. I would expect a higher quality coming from a brand like Google. Why is the app so bad? I am extremely frustrated that I am even having this problem. No photo app should be this hard to navigate.",https://play.google.com/store/apps/details?id=com.google.android.apps.photos&reviewId=8b622dfe-ccf5-4b28-a6a1-84d36b3ba7b2,"There's no way to look at the photos you've backed up. I am having trouble finding photos I've backed up, and now I have no idea where to find them.",not stated
Google Play Store,2022-04-02 20:00:55,1,I don't like the App. It makes it too hard to find pictures I know I have. I find it very frustrating when I can't find a picture and don't have the time to search for it. This always seems to happen when I don't have time to look for it. Then of course it pops up after I have no reason to pull it up. I wish it would quit bothering and asking me to update it also. I like certain things the way I have them bcuz it works for me. I don't need something changing things on me when least expected.,https://play.google.com/store/apps/details?id=com.google.android.apps.photos&reviewId=03bd0f46-ee5f-4831-9276-87f3fbee0009,I don't like the App. It makes it too hard to find pictures I know I have.,not stated
Google Play Store,2024-02-03 23:17:08,1,"It separates my photos so I have to go on a wild goose chase just to find a pic or video I wanna show my friends, but even then sometimes it doesn't even show something I know I have. I can send some things in messages but when I look for them in photos it's like they don't exist.",https://play.google.com/store/apps/details?id=com.google.android.apps.photos&reviewId=86fc78c5-a92a-4cd1-8742-e984fb016b4a,"It separates my photos so I have to go on a wild goose chase just to find a pic or video I wanna show my friends, but even then sometimes it doesn't even show something I know I have. I can send some things in messages but when I look for them in photos it's like they don't exist.",when it was taken
Google Play Store,2021-01-01 02:55:53,1,"I hope you read this because i did not download this app! Now i cant get it off and everything in my phone has been hacked! I even found a picture of myself in the bathroom that i did NOT take!!!! So not only is this discusting weirdo in ALL of my stuff texts, emails, my recorder they have downloaded all kinds of games and other apps, while trying to figure this i found somethin that said someone can add there phone to yours im sorry i cant remember the correct wording and are capable to hide",https://play.google.com/store/apps/details?id=com.google.android.apps.photos&reviewId=08087090-1c6e-4afe-b004-86bc465b7696,"I even found a picture of myself in the bathroom that i did NOT take!!!! So not only is this discusting weirdo in ALL of my stuff texts, emails, my recorder they have downloaded all kinds of games and other apps, while trying to figure this i found somethin that said someone can add there phone to yours im sorry i cant remember the correct wording and are capable to hide",not stated
Google Play Store,2021-05-31 08:18:30,1,"Totally disgusted. I got a new phone replacing a phone that had 256G Memory card. The new phone has no such advantage. I have 8600 images and videos in some 90 folders. You can't upload from folder to folder, and then when you get them all on Google photos, you have to move them to the albums one at a time. Now all I have is 8600 images in a total jumblef*ck. Some I have no idea which folder they belong in if I can even find what I'm looking for. Nor do I have the hours and hours it VERY ANGRY!",https://play.google.com/store/apps/details?id=com.google.android.apps.photos&reviewId=61baa0b8-d8e8-49f6-aa9f-257ba689294d,Now all I have is 8600 images in a total jumblef*ck. Some I have no idea which folder they belong in if I can even find what I'm looking for.,which album/folder
Google Play Store,2023-04-13 08:30:08,3,"This app does it's job & is easy to use, plus it's free. I have only two problems. 1. I can't organize photos in the order I want. They're always listed in the order they were taken/uploaded. 2. The app automatically creates folders for photos from Snapchat, Camera, Messages, and more. STOP. I don't need all those folders. Just one big list of photos is perfect. That way I don't have to hunt through several folders if I don't remember where the photo came from. I do like the album feature though",https://play.google.com/store/apps/details?id=com.google.android.apps.photos&reviewId=6ac777f0-e346-4efe-bb98-2edaafacda6d,Just one big list of photos is perfect. That way I don't have to hunt through several folders if I don't remember where the photo came from.,where it was taken
Google Play Store,2023-05-09 05:21:48,3,"I love Google Photos; automatic back up from my cell phone, easy downloads, revisiting times and memories that I may have forgotten, and (reasonably) easy editing are great. However, I find organising photos into albums and other handling through this app is quite confusing, and I've never got the hang of this - hence the 3 star rating.",https://play.google.com/store/apps/details?id=com.google.android.apps.photos&reviewId=49f169cc-6c46-46d6-a470-27ac0d29fc55,"I love Google Photos; automatic back up from my cell phone, easy downloads, revisiting times and memories that I may have forgotten, and (reasonably) easy editing are great. However, I find organising photos into albums and other handling through this app is quite confusing, and I've never got the hang of this - hence the 3 star rating.",not stated
Google Play Store,2024-11-16 03:45:09,3,All of a sudden I can't find my screenshots easily and I'm not sure why. I've had Android phones for a long time but all of a sudden with this new update I cannot find my screenshots without spending time and trying to do search and eventually I come across the but I have no idea where they're being stored so I can't find them very easily ever. Why can't it be more simple? Please help.... If someone knows the trick to this I would be ever so grateful!,https://play.google.com/store/apps/details?id=com.google.android.apps.photos&reviewId=1fafaf71-4310-4773-86a9-daeefa810dee,All of a sudden I can't find my screenshots easily and I'm not sure why. I've had Android phones for a long time but all of a sudden with this new update I cannot find my screenshots without spending time and trying to do search and eventually I come across the but I have no idea where they're being stored so I can't find them very easily ever.,not stated
Google Play Store,2026-03-11 05:30:27,3,it's very handy at times but there is some kind of mystery folder that my Google phone keeps putting pictures. exporting photos from a different app? mystery folder. did you simply edit a photo by rotating it? mystery folder. I have no idea where these pictures are going and it's very annoying trying to find them,https://play.google.com/store/apps/details?id=com.google.android.apps.photos&reviewId=473ea8e9-35d8-4bd2-94d2-e36b6e098476,mystery folder. I have no idea where these pictures are going and it's very annoying trying to find them,not stated
Google Play Store,2020-09-27 01:14:56,3,"I always forget to use this over the normal gallery....but it ends up being .hige blast from the past when i DO remember it, bc i had forgotten about alot of the photos...RANDOM BONUS TIP FOR EVERYONE WHO READS THIS....If you have FB messenger, go to the settings, then hit either phone or contacts and scroll through....SOMEHOW it has recorded EVERY SINGLE CONTACT youve had in ANY phone since youve had Facebook....even if you deleted it 5 years ago, and changed phones 10x, they will ALL be there",https://play.google.com/store/apps/details?id=com.google.android.apps.photos&reviewId=21266b24-ce79-45b5-91d3-12f5d4b52333,"I always forget to use this over the normal gallery....but it ends up being .hige blast from the past when i DO remember it, bc i had forgotten about alot of the photos...RANDOM BONUS TIP FOR EVERYONE WHO READS THIS....If you have FB messenger, go to the settings, then hit either phone or contacts and scroll through....SOMEHOW it has recorded EVERY SINGLE CONTACT youve had in ANY phone since youve had Facebook....even if you deleted it 5 years ago, and changed phones 10x, they will ALL be there",who is in it
Google Play Store,2025-06-23 20:17:58,3,"the ai search has really made me not enjoy this app. I used to be able to type one word, and everything pertaining to that word would come up. now it's showing stuff that has NOTHING to do with whay I searched and most of the pics I know I have aren't showing up so I have to guess when I took the photo and look for it. even if I AI search for dates, they only show a few of the pics or pics from other dates.",https://play.google.com/store/apps/details?id=com.google.android.apps.photos&reviewId=c75d239e-043d-4c52-968e-6d4cc1f7d335,"I used to be able to type one word, and everything pertaining to that word would come up. now it's showing stuff that has NOTHING to do with whay I searched and most of the pics I know I have aren't showing up so I have to guess when I took the photo and look for it.",when it was taken
Google Play Store,2022-10-07 08:44:01,4,It works well because i have the Gallery App in my pgone and the sudden half of them were deleted but stayed on google photos. I just want to make sure i can find out what my amazon account is because i dont recall ever using it. I am disabled and have been going throuhh a hard time these past weeks so just want to know if i can sign in my account without being harrassed because i dont have a visa ao it had to someone else..,https://play.google.com/store/apps/details?id=com.google.android.apps.photos&reviewId=b7fe7c1b-eb74-4b97-9f06-b43850ea6652,It works well because i have the Gallery App in my pgone and the sudden half of them were deleted but stayed on google photos. I just want to make sure i can find out what my amazon account is because i dont recall ever using it.,not stated
Google Play Store,2019-01-15 00:50:56,4,"The app has done the work of collecting important images that I had forgotten, been looking for, or deleted without knowing from device's media gallery. I am grateful and thank the app for that.  There's a few times the app acts buggy but new updates correct app . Only downside is that I can rarely get a response for a question or concern within app,  customer support really needs to get better.",https://play.google.com/store/apps/details?id=com.google.android.apps.photos&reviewId=fa072804-63ad-47b1-ab6c-d4ce98060980,"The app has done the work of collecting important images that I had forgotten, been looking for, or deleted without knowing from device's media gallery. I am grateful and thank the app for that.",not stated
Google Play Store,2021-09-16 13:13:00,5,"I would describe my experience with Google photos reliable and anxiety-free. I can usually find what i need in the settings and have had no negative outcomes regarding backing up, syncing or discovering old or forgotten photos. In fact, i've found lost, forgotten or deleted photos i never thought i'd see again. I also enjoy the edit option; it offers many fun choices resulting in satisfying changes! Honestly, it's simple; i sincerely trust the Google name and it's apps, without disappointment.",https://play.google.com/store/apps/details?id=com.google.android.apps.photos&reviewId=2922f639-cc3b-48d5-a1e6-09729913283b,"I would describe my experience with Google photos reliable and anxiety-free. I can usually find what i need in the settings and have had no negative outcomes regarding backing up, syncing or discovering old or forgotten photos.",not stated
Google Play Store,2021-03-26 14:02:04,5,I have been backing up my photos on google photos for more than a year. The site easy to access while on the move as well as in cases where the photos are deleted by mistake. I have also tried the takeout option offered by google and was surprised to find so many forgotten photos and videos . I am happy about the convenience it provides.,https://play.google.com/store/apps/details?id=com.google.android.apps.photos&reviewId=c16d14b7-0519-46cc-b28f-567cb093ab1c,The site easy to access while on the move as well as in cases where the photos are deleted by mistake. I have also tried the takeout option offered by google and was surprised to find so many forgotten photos and videos .,not stated
Google Play Store,2022-01-31 22:23:11,5,"I am updating my previous rating from 3 stars to 5. I had issues with a forgotten password which snowballed into me, almost, losing about 3000 pictures. Fortunately, with help from Google support, all my photos were found. Although, I don't love the fact that Google is charging for editing, it's a very reasonable price, so no worries.✨",https://play.google.com/store/apps/details?id=com.google.android.apps.photos&reviewId=889c8913-5b52-4d30-ba19-f022cc445764,"I had issues with a forgotten password which snowballed into me, almost, losing about 3000 pictures. Fortunately, with help from Google support, all my photos were found.",which album/folder
Google Play Store,2023-04-27 00:56:51,5,"I love how Google groups similar photos without me having to find what interval dates they are individually in within my photos. The app puts together a great treasure trove of pictures that tell a story; many times including forgotten photos I haven't seen in a while, and the very best thing about this app process is it offers the ability to share the whole created memory or even just an individual photo by providing you with a link that you can share with friends and family if you want to.",https://play.google.com/store/apps/details?id=com.google.android.apps.photos&reviewId=10af109b-d7eb-4d7b-9ba3-a8079da4e335,"I love how Google groups similar photos without me having to find what interval dates they are individually in within my photos. The app puts together a great treasure trove of pictures that tell a story; many times including forgotten photos I haven't seen in a while, and the very best thing about this app process is it offers the ability to share the whole created memory or even just an individual photo by providing you with a link that you can share with friends and family if you want to.",not stated
Google Play Store,2023-11-18 00:31:34,5,I think the AI feature is neat and makes it the best photos app for me. My biggest headache: finding random unsorted photos by visual features or texts in the image itself. This makes it very easy to find them and more related pictures that I might have completely forgotten about.,https://play.google.com/store/apps/details?id=com.google.android.apps.photos&reviewId=5b7ac65e-42ec-4960-b74f-38279a5c27cb,My biggest headache: finding random unsorted photos by visual features or texts in the image itself. This makes it very easy to find them and more related pictures that I might have completely forgotten about.,not stated
Google Play Store,2022-03-18 03:21:25,5,I'm not normally big on installing extra apps on my phone when I already have an app that will do what the new app is saying it does. However this app is an exception! One of the neatest things about this app is that you can search your own photos by keyword. For instance if you say I know I took a picture of that guy's car and you just do a search using the keyword car it will go into the photos on your device and find all photos of a car! That makes it very handy in and of itself.,https://play.google.com/store/apps/details?id=com.google.android.apps.photos&reviewId=dda1986c-38f8-427b-a112-76dcf978846a,One of the neatest things about this app is that you can search your own photos by keyword. For instance if you say I know I took a picture of that guy's car and you just do a search using the keyword car it will go into the photos on your device and find all photos of a car!,its name/keyword
Google Play Store,2022-04-01 09:56:58,5,"Love that you can come back to pictures you forgot about, or thought were lost forever. Love the search function and being able to know that my photos are being safe without me having to physically push buttons to make them saved or transfered to a storage drive. SO VERY HANDY ! !",https://play.google.com/store/apps/details?id=com.google.android.apps.photos&reviewId=25f70a4a-c2a1-4b41-81ad-06a1dfdf08b2,"Love that you can come back to pictures you forgot about, or thought were lost forever. Love the search function and being able to know that my photos are being safe without me having to physically push buttons to make them saved or transfered to a storage drive.",not stated
Google Play Store,2020-07-30 18:33:19,5,"Easy to use, to share pictures of places or events, photos of people, landscapes, sites of interests, restaurants.. Once added to maps can be hints or give ideas for those willing to visit the pictured places. Also good storage allowing to find long time forgotten or thought lost pictures. Regular updates for the past years make the app easier and with much more possibilities and functions.",https://play.google.com/store/apps/details?id=com.google.android.apps.photos&reviewId=69382163-e703-4a00-b608-e8cc2ed1ebfb,Once added to maps can be hints or give ideas for those willing to visit the pictured places. Also good storage allowing to find long time forgotten or thought lost pictures.,not stated
Google Play Store,2022-02-11 22:49:01,5,"Google photos is a wonderful tool to have. Pocket mishaps inadvertantly do occur more often than not and with that, anything may happen as it happenend to me and with that l lost very valuable photos from my gallery. Luckily with Google photos, l was able to retrieve all of them and more as Google photos had backed up photos l long since forgotten about. Qell done Google, once again to the rescue ne..",https://play.google.com/store/apps/details?id=com.google.android.apps.photos&reviewId=7f60394a-bbd6-40e6-b797-ebf83d63f5af,"Pocket mishaps inadvertantly do occur more often than not and with that, anything may happen as it happenend to me and with that l lost very valuable photos from my gallery. Luckily with Google photos, l was able to retrieve all of them and more as Google photos had backed up photos l long since forgotten about.",not stated
Google Play Store,2019-08-18 13:51:08,5,I simply love this app....💖 it is brilliant to be able to review photos a year/two years ago all collaged by the assistant...👍👍 also I love the fact that no matter what type of photo I'm looking for I just key in a simple phrase and up it pops with similar photos I had forgotten about complete with date...!!! it has just made taking photos a real enjoyment and particularly when it backs them up and you never lose any....💕,https://play.google.com/store/apps/details?id=com.google.android.apps.photos&reviewId=e59c2301-99b2-4c75-b712-a371a4252a65,I simply love this app....💖 it is brilliant to be able to review photos a year/two years ago all collaged by the assistant...👍👍 also I love the fact that no matter what type of photo I'm looking for I just key in a simple phrase and up it pops with similar photos I had forgotten about complete with date...!!! it has just made taking photos a real enjoyment and particularly when it backs them up and you never lose any....💕,when it was taken
Google Play Store,2020-11-17 02:52:39,5,"Really helps with saving and then finding those long forgotten photos. Great organizing and search tools. With unlimited free backups going away soon, it's slightly less appealing but still a highly recommended app in my book.",https://play.google.com/store/apps/details?id=com.google.android.apps.photos&reviewId=06797847-c117-4f36-bcf4-88c5df16486d,Really helps with saving and then finding those long forgotten photos. Great organizing and search tools.,not stated
Google Play Store,2026-03-17 04:07:15,1,Can't Use AI Search because it requires my photo. I nearly forgot I don't actually own techlology. My $1400 flagship blocks functionality because I prefer cars over selfies.,https://play.google.com/store/apps/details?id=com.google.android.apps.photos&reviewId=3932c8af-0379-430e-a4c9-8ff21adb6c98,Can't Use AI Search because it requires my photo. I nearly forgot I don't actually own techlology.,not stated
