S.no.,Post Title,Full text,Date,URL,
1,i was watching a video saved to my Google photos account that was from years ago. then it said it c,I was watching a video from my google photos account that was saved from years ago. Then the video stopped half way thru and said couldnt be played. I then tried to re-seek it to the right spot and it would continue to state the video couldnt b played at the exact spot it did the first time. Now i cant find the same video on my google photos anywhere like its been deleted but i never deleted it. Ive checked archives folder and trash no luck,"Aug 26, 2026",https://support.google.com/photos/thread/462563766/i-was-watching-a-video-saved-to-my-google-photos-account-that-was-from-years-ago-then-it-said-it-c?hl=en&sjid=6919917208858876150-NC,
2,I accidentally deleted important photos from my phone’s internal storage. The photos had previously,"Hello, I need help recovering some photos that were accidentally deleted. I had transferred them from my old phone to this phone through Instagram and saved them to the internal storage. They have now been permanently deleted. I have already checked the Gallery Trash/Recently Deleted, Google Photos, Instagram, WhatsApp, File Manager, and all other folders, but I cannot find them anywhere. Is there any way you can help me recover these deleted photos? They are very important to me. Please let me know if there is any possible solution.",9/16/2026,https://support.google.com/photos/thread/467979336/i-accidentally-deleted-important-photos-from-my-phone%E2%80%99s-internal-storage-the-photos-had-previously?hl=en&sjid=6919917208858876150-NC,
3,I PAY Google for MY photo storage. Now it appears that I can no longer search for a specific photo,"I pay Google to store MY photos. Yet it appears that I can no longer search through my own photos for a specific image. How can I search them? I'm prompted now to identify my own face in photos, and I don't do that.","9/18/2026,",https://support.google.com/photos/thread/468268039/i-pay-google-for-my-photo-storage-now-it-appears-that-i-can-no-longer-search-for-a-specific-photo?hl=en&sjid=6919917208858876150-NC,
4,One Google Photos Video Is Missing,"Hello Google Photos Team, I need urgent help with one missing video from my Google Photos account. My Google Photos backup was turned ON, and the video was previously visible in my Google Photos. After I restored my phone and signed back into the same Google account, the video was still visible initially. However, later it suddenly disappeared. Most of my missing photos and videos have now been recovered, but this one important video is still missing. I have already checked Google Photos, Trash, Archive, and my device, but I cannot find it anywhere. Please investigate my Google Photos account and check whether this video is still available on Google's servers or can be restored/recovered. This video is very important to me. I would be extremely grateful if you could help me recover it. Thank you for your support.","Sep 10, 2026",https://support.google.com/photos/thread/466353572/one-google-photos-video-is-missing?hl=en&sjid=6919917208858876150-NC,
5,i cant view pictures that have been uploaded to a shared album,"A friend has contributed to a shared album but I can't see their uploaded photos. according to them they have uploaded fine and are appearing, but they are not on my end (it has been more than 48 hours). All settings are set for the album to be shared and my friend has no other issues with their internet. How can I resolve this?",9/13/2026,https://support.google.com/photos/thread/467150667/i-cant-view-pictures-that-have-been-uploaded-to-a-shared-album?hl=en&sjid=6919917208858876150-NC,
6,Album icon,"When viewing photos individually, there has always been an icon showing which album the photo was in. That icon is now gone, and I can’t figure it out. Any help?","Aug 22, 2026",https://support.google.com/photos/thread/461386570/album-icon?hl=en&sjid=6919917208858876150-NC,
7,Photos Lost,"My iPhone ended up at the bottom of a lake. I have been paying yearly for Google Photos. After losing my phone, I logged into my Google Photos account on my PC. I am missing all of my photos from 2024 to 2026. I have tried everything the Internet has said to try, and I cannot find the missing photos that should have been getting backed up. I lost very important photo and I’m very frustrated. Google has absolutely no customer service help, no email or phone number for support.",9/15/2026,https://support.google.com/photos/thread/467476567/photos-lost?hl=en&sjid=6919917208858876150-NC,
8,Arrange people photos with faces all photos,Please... Arrange people photos with faces all photos,"Sep 11, 2026",https://support.google.com/photos/thread/466627532/arrange-people-photos-with-faces-all-photos?hl=en&sjid=6919917208858876150-NC,
9,All linked faces from People and Pets disappeared,"All linked faces from People and Pets have disappeared. I recently upgraded from a Pixel 9 Pro XL to a Pixel 11 Pro XL. I backed up my phone as instructed. However, now all the names associated with the faces have been removed. Also, when I view an image and swipe up on the photo to see the menu, there is no option for people.","Sep 7, 2026",https://support.google.com/photos/thread/465780030/all-linked-faces-from-people-and-pets-disappeared?hl=en&sjid=6919917208858876150-NC,
10,halloween picture,I am trying to recover my picture I taken of me on halloween from the last year in 2025. ,"Sep 3, 2026",https://support.google.com/photos/thread/464579799/halloween-picture?hl=en&sjid=6919917208858876150-NC,
11,Photos lost of goa from 26 August 2016,My goa photos are lost why does this happen,"Aug 9, 2025",https://support.google.com/photos/thread/363917146/photos-lost-of-goa-from-26-august-2016?hl=en&sjid=6919917208858876150-NC,
12,I can't find my old photos and videos that were backed up,I can't find my old photos and videos that were backed up. ,13-Jan-2025,https://support.google.com/photos/thread/318336219/i-can-t-find-my-old-photos-and-videos-that-were-backed-up?hl=en,Google Photos Community
13,Can't find an old photo in Google Photos even though it showed me the exact photo days ago,"I’m looking for a photo of my old Camaro from the 2000s. I don’t use Google Photos much but I got into it the other day and it showed me a photo of my car without me even searching for it! I have no idea how or why that happened. But   today I went back to find it using the car search option and while it pulled up every other car I’ve ever owned, the white Camaro is missing. Please help.",06-May-2024,https://support.google.com/photos/thread/273154473/can%E2%80%99t-find-an-old-photo-in-google-photos-even-though-it-showed-me-the-exact-photo-days-ago?hl=en,Google Photos Community
14,Recovering my old photos,"One day, I just saw that many of my old photos from google photos had disappeared which were there since ages. I was so disheartened by that, because they were my only memories. Then I got to know that google photos now has a limited amount of storage and you have to pay for extra storage, but atleast they could've asked which photos I wanted to keep and delete but no, they deleted all old photos by themselves. Please help me fix my problems, I really need those old photos and videos. If I need to delete any current photo or video, I'm ready to do it, but I need those back","Feb 16, 23",https://support.google.com/photos/thread/202250584/recovering-my-old-photos,Google Photos Community
15,Can't see some of my old backed-up photos,"I had backed up thousands of photos to Google Photos a few years ago, but now I can’t find many of them when I search. I’m using the same Google account. How can I recover or view those missing photos?",18-Jul-2025,https://support.google.com/photos/thread/358700340/can-t-see-some-of-my-old-backed-up-photos?hl=en,Google Photos Community
16,Retrieve Old Photos and Videos,"I have recently been hacked across my social medias, email addresses, PayPal etc and I have lost all of my family memories off facbook - my kids growing up, christenings, family photoshoot, my wedding..... its been a really distressing time. The only back up I have is my google however these were deleted sometime ago. Stupid me thought facebook was secure, my save storage. My mental heath has suffered massively with this, my whole world in photos has gone!. My only last hope is google to save me. Can they?, are years of memories gone forever? 😢

",02-Aug-2025,https://support.google.com/photos/thread/362418926/retrieve-old-photos-and-videos?hl=en,Google Photos Community
17,Can't find photos from over 10 years ago,"I started backing photos up to Google Drive in 2023. I had created folders for each year starting in 2011. Fast forward to today where I picked the project back up and ALL of the photos I had backed up from those previous years are now gone. This is not a backup issue as my recent photos are all there. I am talking about old old photos that I backed up from my phone to google photos and they were previously there. They are NOT under a different account, in archive, or in deleted photos.... please help!

","Dec 10, 25",https://support.google.com/photos/thread/393816022/can-t-find-photos-from-over-10-years-ago?hl=en,Google Photos Community
18,Where is my old photos?,"Guys I lost a lot of photos!. I had many photis backed up from 2016, the photos wsa there for a long time. Today I've tried to access thise photos and found that they were missing!. I pay to you monthly to have a quick access to my photos. I didn't deleted them, They aren't on other google user, they are not in the archive, they just gone. I really need your help!",23-May-2020,https://support.google.com/photos/thread/48730845/where-is-my-old-photos?hl=en,Google Photos Community
19,How do i find really old pictures,I have tryed refresh,"Feb 22, 2019


",https://support.google.com/photos/thread/1796334/how-do-i-find-really-old-pictures?hl=en,Google Photos Community
20,How do i find my old pics,Recover deleted pictures,17-Apr-2018,https://support.google.com/photos/thread/99679?hl=en,Google Photos Community
21,How can I get photos from several yrs ago. Its only letting me see the last two yrs,My Google photo are only showing the last two years where are all the past decade,08-Feb-2026,https://support.google.com/photos/thread/408539531/how-can-i-get-photos-from-several-yrs-ago-its-only-letting-me-see-the-last-two-yrs?hl=en,Google Photos Community
22,"Nothing comes up when I use the ""search"" option in google photos","I have never been able to get the search on google photos to work. Every time I try it gives me the same ""no results"" screen. Even the suggested searches do not work. I tried looking up ""March"" and nothing came up, even though I have dated photos. I have people labeled too. I have asked other family members and their search works fine. Any help is much appreciated :)",,https://support.google.com/photos/thread/333561993/nothing-comes-up-when-i-use-the-search-option-in-google-photos?hl=en,Google Photos Community
23,I can't find old pictures on my Android,"Original poster found old photos on Google+ one day, but could not locate them again afterward.",18-Oct-2015,https://forums.tomsguide.com/threads/i-cant-find-old-pictures-on-my-android.90067/,Tom's Guide Forum
24,Google Photos people search does not exist,"User reported that search returned no results even for basic items like cars, dogs, or snow; another user reported the People search feature skipping many indexed faces.",24-May-2015,https://forums.tomsguide.com/threads/google-photos-people-search-does-not-exist.78705/,Tom's Guide Forum
25,Tip: search by date to instantly find old pictures,"A power user shared that typing the exact date into the search bar is the only reliable way to jump straight to older photos - a workaround, not a complaint. Useful for the 'existing workarounds' section.",01-Jun-2021,https://r1.community.samsung.com/t5/others/tip-search-by-date-to-instantly-find-old-pictures-in-google/m-p/10920408,Samsung Community
26,Search by date to instantly find old pictures (variant thread),"Same date-search workaround tip, posted as a separate thread.",10-May-2021,https://r1.community.samsung.com/t5/others/search-by-date-to-instantly-find-old-pictures-in-google-photos/td-p/10530435,Samsung Community
27,Here are the best ways to find your old photos in Google Photos,"Poster wished Google Photos offered older-photo sorting more transparently within the main library itself, rather than through a separate recently-added view.",01-Jun-2021,https://r1.community.samsung.com/t5/others/here-are-the-best-ways-to-find-your-old-photos-in-google-photos/td-p/10926736,Samsung Community
28,Google starts implementing text search in Photos (comment thread),"One commenter called Google Photos one of the worst photo backup services, saying it's a pain when you actually need to find old stuff.",23-Aug-2019,https://m.gsmarena.com/newscomm-38841.php,GSMArena